User.Name|User.Age|User.Gender|User.City
Evan Reid|30|M|Del Monte, Georgia
Ryan Gray|30|M|Peapack, Iowa
Joshua Martin|24|M|New Brunswick, New Jersey
Adam Hart|29|M|Skyhigh, Ohio
Stephen Jackson|21|M|Winniconic, New Hampshire
Joshua Metcalfe|21|M|Angels Camp, Ohio
Owen Hodges|25|M|Weweantic, Massachusetts
Trevor Buckland|25|M|Little Switzerland, Alaska
Warren Duncan|28|M|Parrot, Vermont
Brian Forsyth|30|M|Wideawake, Rhode Island
Peter Alsop|27|M|Athol, Maryland
Thomas Parsons|22|M|Greece, New Jersey
Eric Ross|27|M|Holy Corners, Utah
Christian Parsons|29|M|Tater Peeler, Oklahoma
Brian Lambert|22|M|Modest Town, Hawaii
Blake Sanderson|21|M|Hell, North Carolina
Jacob Bower|27|M|Shake Rag, California
Luke Parsons|21|M|Toadtown, Indiana
Keith Hamilton|25|M|Snow Hill, Oklahoma
Frank Baker|30|M|Coinjock, Missouri
Christopher Anderson|26|M|Fivemile, Kentucky
Harry Cameron|21|M|Ballplay, Vermont
David Hemmings|24|M|Coinjock, Missouri
Owen Davies|27|M|Possum Bluff, Wyoming
Harry Short|26|M|Chopin, Arizona
Piers Ince|21|M|Red Wine, New Jersey
Joshua Vaughan|24|M|Plentywood, Oregon
Andrew Simpson|31|M|Hatchcakamocha, District of Columbia
Trevor Parr|23|M|Chuloonawick, Alaska
Charles Terry|25|M|Burning Fork, Oregon
Dan Murray|25|M|Horneytown, Wisconsin
Dylan Russell|29|M|Indian Head, Missouri
Richard Bond|28|M|Uno, Georgia
Gordon MacDonald|31|M|Buffalolick, Alaska
Ian Mills|24|M|Jeff Davis, New Mexico
Brandon Paterson|23|M|Trap Corner, Alabama
Boris Manning|31|M|Little Switzerland, Alaska
Adrian Churchill|31|M|Slapneck, Tennessee
Jonathan Churchill|22|M|Red Onion, Massachusetts
Jason Hudson|21|M|Walkinghood, Alabama
Thomas Sanderson|25|M|Sinker, West Virginia
Gordon Greene|24|M|Bugscuffle, Indiana
Christopher Graham|23|M|Wharf, Alaska
Stephen MacDonald|27|M|Horneytown, Wisconsin
Keith North|30|M|Kravaksarak, Rhode Island
Jonathan Jackson|22|M|Black Eyes, Colorado
Nicholas Black|27|M|Shuffletown, Idaho
Christian Welch|28|M|Prince Frederick, Georgia
Colin Chapman|23|M|Cude Crossing Windmill, Virginia
Alexander Johnston|30|M|Red Onion, Massachusetts
